,Supplier_Lead_Time,Inventory_Levels,Order_Frequency,Delivery_Performance,Cost_Per_Unit
Supplier_Lead_Time,1.0,0.2964145315836283,-0.8843451114499311,-0.9487504291831541,0.964825927826448
Inventory_Levels,0.2964145315836283,1.0,-0.12676156208389688,-0.2566163814630713,0.27798303280214387
Order_Frequency,-0.8843451114499311,-0.12676156208389688,1.0,0.8494932111965601,-0.8678387565716815
Delivery_Performance,-0.9487504291831541,-0.2566163814630713,0.8494932111965601,1.0,-0.9305701415867338
Cost_Per_Unit,0.964825927826448,0.27798303280214387,-0.8678387565716815,-0.9305701415867338,1.0
